<?xml version="1.0" encoding="UTF-8"?>
<beans xmlns:xsi="http://www.w3.org/2001/XMLSchema-instance"
       xmlns:context="http://www.springframework.org/schema/context"
       xmlns="http://www.springframework.org/schema/beans"
       xsi:schemaLocation="http://www.springframework.org/schema/beans
        http://www.springframework.org/schema/beans/spring-beans.xsd 
        http://www.springframework.org/schema/context 
        http://www.springframework.org/schema/context/spring-context.xsd"
>


    <!--配置整合mybatis过程-->

    <!--1、配置数据库相关参数-->
    <context:property-placeholder location="classpath:jdbc.properties" ignore-unresolvable="true"/>

    <!--2.数据源druid -->
    <bean id="dataSource" class="com.alibaba.druid.pool.DruidDataSource"
          init-method="init" destroy-method="close">
        <property name="driverClassName" value="${jdbc.driverClassName}"/>
        <property name="url" value="${jdbc.url}"/>
        <property name="username" value="${jdbc.username}"/>
        <property name="password" value="${jdbc.password}"/>

        <!-- 配置初始化大小、最小、最大 -->
        <property name="initialSize" value="${druid.pool.size.init}"/>
        <property name="minIdle" value="${druid.pool.size.min}"/>
        <property name="maxActive" value="${druid.pool.size.max}"/>
        <!-- 配置监控统计拦截的filters，wall用于防止sql注入，stat用于统计分析 -->
        <property name="filters" value="wall,stat"/>
    </bean>


    <!--、配置扫描Dao接口包,动态实现DAO接口,注入到spring容器-->
    <bean class="org.mybatis.spring.mapper.MapperScannerConfigurer">
        <!--注入SqlSessionFactory-->
        <property name="sqlSessionFactoryBeanName" value="sqlSessionFactory"/>
        <!-- 给出需要扫描的Dao接口-->
        <property name="basePackage"
                  value="top.kriss.crm.mybatis.dao,top.kriss.base.mybatis.dao,top.kriss.crm.mybatis.old.dao,top.kriss.dean.mybatis.dao"/>
    </bean>
    <!--、配置SqlSessionFactory对象-->
    <bean id="sqlSessionFactory" class="org.mybatis.spring.SqlSessionFactoryBean">
        <!--注入数据库连接池-->
        <property name="dataSource" ref="dataSource"/>
        <!--配置mybatis全局配置文件:mybatis-config.xml-->
        <property name="configLocation" value="classpath:mybatis-config.xml"/>
        <!--扫描entity包,使用别名,多个用;隔开-->
        <property name="typeAliasesPackage"
                  value="top.kriss.crm.mybatis.dto,top.kriss.base.mybatis.dto,top.kriss.crm.mybatis.old.dto,top.kriss.dean.mybatis.dto"/>
        <!--扫描sql配置文件:mapper需要的xml文件-->
    </bean>


</beans>
