[
  {
    "Tid": "1",
    "First": "奔波儿灞",
    "sex": "男",
    "Score": "50"
  },
  {
    "Tid": "2",
    "First": "灞波儿奔",
    "sex": "男",
    "Score": "94"
  },
  {
    "Tid": "3",
    "First": "作家崔成浩",
    "sex": "男",
    "Score": "80"
  },
  {
    "Tid": "4",
    "First": "韩寒",
    "sex": "男",
    "Score": "67"
  },
  {
    "Tid": "5",
    "First": "郭敬明",
    "sex": "男",
    "Score": "100"
  },
  {
    "Tid": "6",
    "First": "马云",
    "sex": "男",
    "Score": "77"
  },
  {
    "Tid": "7",
    "First": "范爷",
    "sex": "女",
    "Score": "87"
  }
]
